{"cameraMode":{"drawMode":0,"name":"Shaded","section":"Shading Mode"},"sceneLighting":false,"audioPlay":false,"sceneViewState":{"showFog":true,"showMaterialUpdate":false,"showSkybox":false,"showFlares":true,"showImageEffects":true,"showParticleSystems":true},"in2DMode":false,"pivot":{"x":-0.25000011920928957,"y":0.26000022888183596,"z":0.0},"rotation":{"x":-0.12150105088949204,"y":-0.011318130418658257,"z":0.0013854799326509238,"w":-0.9925272464752197},"size":3.0232601165771486,"orthographic":false}